{"a":[],"e":[],"f":[],"m":"TravelPostersModel","stable":["/opt/src/github/skiptools/skipapp-travelposters-native/travel-posters-model/Sources/TravelPostersModel/City.swift","/opt/src/github/skiptools/skipapp-travelposters-native/travel-posters-model/Sources/TravelPostersModel/CityManager.swift","/opt/src/github/skiptools/skipapp-travelposters-native/travel-posters-model/Sources/TravelPostersModel/Weather.swift"],"t":[{"a":{"a":[{"s":{"named":{"_0":"BridgeToKotlin","_1":[]}},"t":[]}]},"f":{"o":0,"t":{"none":{}}},"g":{"e":[]},"i":[{"named":{"_0":"Identifiable","_1":[{"int":{}}]}},{"named":{"_0":"Codable","_1":[]}}],"m":"TravelPostersModel","ma":[{"a":{"a":[]},"d":{"named":{"_0":"City","_1":[]}},"g":{"e":[]},"m":"TravelPostersModel","n":"ID","s":{"member":{"_0":{"named":{"_0":"City","_1":[]}},"_1":{"named":{"_0":"ID","_1":[]}}}},"sid":0,"tar":{"int":{}},"v":{"available":{}},"z":{"f":false,"l":false,"m":false,"n":false,"o":false,"s":false,"sv":{"default":{}},"v":{"public":{}}}}],"mc":[],"mf":[{"a":{"a":[]},"d":{"named":{"_0":"City","_1":[]}},"g":{"e":[]},"gen":true,"m":"TravelPostersModel","mut":false,"n":"init","s":{"function":{"_0":[{"hasDefaultValue":false,"isInOut":false,"isVariadic":false,"isVariadicContinuation":false,"label":"id","type":{"typealiased":{"_0":{"from":{"member":{"_0":{"named":{"_0":"City","_1":[]}},"_1":{"named":{"_0":"ID","_1":[]}}}},"to":{"int":{}}},"_1":{"int":{}}}}},{"hasDefaultValue":false,"isInOut":false,"isVariadic":false,"isVariadicContinuation":false,"label":"name","type":{"string":{}}},{"hasDefaultValue":false,"isInOut":false,"isVariadic":false,"isVariadicContinuation":false,"label":"tagline","type":{"string":{}}},{"hasDefaultValue":false,"isInOut":false,"isVariadic":false,"isVariadicContinuation":false,"label":"population","type":{"string":{}}},{"hasDefaultValue":false,"isInOut":false,"isVariadic":false,"isVariadicContinuation":false,"label":"country","type":{"string":{}}},{"hasDefaultValue":false,"isInOut":false,"isVariadic":false,"isVariadicContinuation":false,"label":"latitude","type":{"double":{}}},{"hasDefaultValue":false,"isInOut":false,"isVariadic":false,"isVariadicContinuation":false,"label":"longitude","type":{"double":{}}},{"hasDefaultValue":false,"isInOut":false,"isVariadic":false,"isVariadicContinuation":false,"label":"imageURL","type":{"named":{"_0":"URL","_1":[]}}},{"hasDefaultValue":false,"isInOut":false,"isVariadic":false,"isVariadicContinuation":false,"label":"wikipediaURL","type":{"named":{"_0":"URL","_1":[]}}}],"_1":{"named":{"_0":"City","_1":[]}},"_2":{"o":0,"t":{"none":{}}}}},"sid":0,"t":{"initDeclaration":{}},"v":{"available":{}},"z":{"f":false,"l":false,"m":false,"n":false,"o":false,"s":false,"sv":{"default":{}},"v":{"public":{}}}}],"ms":[],"mt":[],"mv":[{"a":{"a":[]},"d":{"named":{"_0":"City","_1":[]}},"f":{"o":0,"t":{"none":{}}},"gen":false,"init":true,"m":"TravelPostersModel","n":"id","s":{"typealiased":{"_0":{"from":{"member":{"_0":{"named":{"_0":"City","_1":[]}},"_1":{"named":{"_0":"ID","_1":[]}}}},"to":{"int":{}}},"_1":{"int":{}}}},"sid":0,"v":{"available":{}},"val":false,"z":{"f":false,"l":false,"m":false,"n":false,"o":false,"s":false,"sv":{"default":{}},"v":{"public":{}}}},{"a":{"a":[]},"d":{"named":{"_0":"City","_1":[]}},"f":{"o":0,"t":{"none":{}}},"gen":false,"init":true,"m":"TravelPostersModel","n":"name","s":{"string":{}},"sid":0,"v":{"available":{}},"val":false,"z":{"f":false,"l":false,"m":false,"n":false,"o":false,"s":false,"sv":{"default":{}},"v":{"public":{}}}},{"a":{"a":[]},"d":{"named":{"_0":"City","_1":[]}},"f":{"o":0,"t":{"none":{}}},"gen":false,"init":true,"m":"TravelPostersModel","n":"tagline","s":{"string":{}},"sid":0,"v":{"available":{}},"val":false,"z":{"f":false,"l":false,"m":false,"n":false,"o":false,"s":false,"sv":{"default":{}},"v":{"public":{}}}},{"a":{"a":[]},"d":{"named":{"_0":"City","_1":[]}},"f":{"o":0,"t":{"none":{}}},"gen":false,"init":true,"m":"TravelPostersModel","n":"population","s":{"string":{}},"sid":0,"v":{"available":{}},"val":false,"z":{"f":false,"l":false,"m":false,"n":false,"o":false,"s":false,"sv":{"default":{}},"v":{"public":{}}}},{"a":{"a":[]},"d":{"named":{"_0":"City","_1":[]}},"f":{"o":0,"t":{"none":{}}},"gen":false,"init":true,"m":"TravelPostersModel","n":"country","s":{"string":{}},"sid":0,"v":{"available":{}},"val":false,"z":{"f":false,"l":false,"m":false,"n":false,"o":false,"s":false,"sv":{"default":{}},"v":{"public":{}}}},{"a":{"a":[]},"d":{"named":{"_0":"City","_1":[]}},"f":{"o":0,"t":{"none":{}}},"gen":false,"init":true,"m":"TravelPostersModel","n":"latitude","s":{"double":{}},"sid":0,"v":{"available":{}},"val":false,"z":{"f":false,"l":false,"m":false,"n":false,"o":false,"s":false,"sv":{"default":{}},"v":{"public":{}}}},{"a":{"a":[]},"d":{"named":{"_0":"City","_1":[]}},"f":{"o":0,"t":{"none":{}}},"gen":false,"init":true,"m":"TravelPostersModel","n":"longitude","s":{"double":{}},"sid":0,"v":{"available":{}},"val":false,"z":{"f":false,"l":false,"m":false,"n":false,"o":false,"s":false,"sv":{"default":{}},"v":{"public":{}}}},{"a":{"a":[]},"d":{"named":{"_0":"City","_1":[]}},"f":{"o":0,"t":{"none":{}}},"gen":false,"init":true,"m":"TravelPostersModel","n":"imageURL","s":{"named":{"_0":"URL","_1":[]}},"sid":0,"v":{"available":{}},"val":false,"z":{"f":false,"l":false,"m":false,"n":false,"o":false,"s":false,"sv":{"default":{}},"v":{"public":{}}}},{"a":{"a":[]},"d":{"named":{"_0":"City","_1":[]}},"f":{"o":0,"t":{"none":{}}},"gen":false,"init":true,"m":"TravelPostersModel","n":"wikipediaURL","s":{"named":{"_0":"URL","_1":[]}},"sid":0,"v":{"available":{}},"val":false,"z":{"f":false,"l":false,"m":false,"n":false,"o":false,"s":false,"sv":{"default":{}},"v":{"public":{}}}}],"n":"City","s":{"named":{"_0":"City","_1":[]}},"sid":0,"t":{"structDeclaration":{}},"v":{"available":{}},"z":{"f":false,"l":false,"m":false,"n":false,"o":false,"s":false,"sv":{"default":{}},"v":{"public":{}}}},{"a":{"a":[{"s":{"named":{"_0":"Observable","_1":[]}},"t":[]},{"s":{"named":{"_0":"BridgeToKotlin","_1":[]}},"t":[]}]},"f":{"o":0,"t":{"none":{}}},"g":{"e":[]},"i":[],"m":"TravelPostersModel","ma":[],"mc":[],"mf":[],"ms":[],"mt":[],"mv":[{"a":{"a":[]},"d":{"named":{"_0":"CityManager","_1":[]}},"f":{"o":0,"t":{"none":{}}},"gen":false,"init":false,"m":"TravelPostersModel","n":"shared","s":{"named":{"_0":"CityManager","_1":[]}},"sid":1,"v":{"available":{}},"val":true,"z":{"f":true,"l":false,"m":false,"n":false,"o":false,"s":true,"sv":{"default":{}},"v":{"public":{}}}},{"a":{"a":[]},"d":{"named":{"_0":"CityManager","_1":[]}},"f":{"o":32,"t":{"none":{}}},"gen":false,"init":true,"m":"TravelPostersModel","n":"allCities","s":{"array":{"_0":{"named":{"_0":"City","_1":[]}}}},"sid":1,"v":{"available":{}},"val":true,"z":{"f":false,"l":false,"m":false,"n":false,"o":false,"s":false,"sv":{"default":{}},"v":{"public":{}}}},{"a":{"a":[]},"d":{"named":{"_0":"CityManager","_1":[]}},"f":{"o":32,"t":{"none":{}}},"gen":false,"init":true,"m":"TravelPostersModel","n":"favoriteIDs","s":{"array":{"_0":{"typealiased":{"_0":{"from":{"member":{"_0":{"named":{"_0":"City","_1":[]}},"_1":{"named":{"_0":"ID","_1":[]}}}},"to":{"int":{}}},"_1":{"int":{}}}}}},"sid":1,"v":{"available":{}},"val":true,"z":{"f":false,"l":false,"m":false,"n":false,"o":false,"s":false,"sv":{"default":{}},"v":{"public":{}}}}],"n":"CityManager","s":{"named":{"_0":"CityManager","_1":[]}},"sid":1,"t":{"classDeclaration":{}},"v":{"available":{}},"z":{"f":true,"l":false,"m":false,"n":false,"o":false,"s":false,"sv":{"default":{}},"v":{"public":{}}}},{"a":{"a":[{"s":{"named":{"_0":"BridgeToKotlin","_1":[]}},"t":[]}]},"f":{"o":0,"t":{"none":{}}},"g":{"e":[]},"i":[{"named":{"_0":"Hashable","_1":[]}},{"named":{"_0":"Codable","_1":[]}}],"m":"TravelPostersModel","ma":[],"mc":[],"mf":[{"a":{"a":[]},"d":{"named":{"_0":"Weather","_1":[]}},"g":{"e":[]},"gen":false,"m":"TravelPostersModel","mut":false,"n":"fetch","s":{"function":{"_0":[{"hasDefaultValue":false,"isInOut":false,"isVariadic":false,"isVariadicContinuation":false,"label":"latitude","type":{"double":{}}},{"hasDefaultValue":false,"isInOut":false,"isVariadic":false,"isVariadicContinuation":false,"label":"longitude","type":{"double":{}}}],"_1":{"named":{"_0":"Weather","_1":[]}},"_2":{"o":9,"t":{"any":{}}}}},"sid":2,"t":{"functionDeclaration":{}},"v":{"available":{}},"z":{"f":true,"l":false,"m":false,"n":false,"o":false,"s":true,"sv":{"default":{}},"v":{"public":{}}}},{"a":{"a":[]},"d":{"named":{"_0":"Weather","_1":[]}},"g":{"e":[]},"gen":true,"m":"TravelPostersModel","mut":false,"n":"init","s":{"function":{"_0":[{"hasDefaultValue":false,"isInOut":false,"isVariadic":false,"isVariadicContinuation":false,"label":"latitude","type":{"double":{}}},{"hasDefaultValue":false,"isInOut":false,"isVariadic":false,"isVariadicContinuation":false,"label":"longitude","type":{"double":{}}},{"hasDefaultValue":false,"isInOut":false,"isVariadic":false,"isVariadicContinuation":false,"label":"time","type":{"double":{}}},{"hasDefaultValue":false,"isInOut":false,"isVariadic":false,"isVariadicContinuation":false,"label":"offset","type":{"double":{}}},{"hasDefaultValue":false,"isInOut":false,"isVariadic":false,"isVariadicContinuation":false,"label":"timezone","type":{"string":{}}},{"hasDefaultValue":false,"isInOut":false,"isVariadic":false,"isVariadicContinuation":false,"label":"tz","type":{"string":{}}},{"hasDefaultValue":false,"isInOut":false,"isVariadic":false,"isVariadicContinuation":false,"label":"elevation","type":{"double":{}}},{"hasDefaultValue":false,"isInOut":false,"isVariadic":false,"isVariadicContinuation":false,"label":"conditions","type":{"named":{"_0":"WeatherConditions","_1":[]}}}],"_1":{"named":{"_0":"Weather","_1":[]}},"_2":{"o":0,"t":{"none":{}}}}},"sid":2,"t":{"initDeclaration":{}},"v":{"available":{}},"z":{"f":false,"l":false,"m":false,"n":false,"o":false,"s":false,"sv":{"default":{}},"v":{"public":{}}}}],"ms":[],"mt":[],"mv":[{"a":{"a":[]},"d":{"named":{"_0":"Weather","_1":[]}},"f":{"o":0,"t":{"none":{}}},"gen":false,"init":true,"m":"TravelPostersModel","n":"latitude","s":{"double":{}},"sid":2,"v":{"available":{}},"val":false,"z":{"f":false,"l":false,"m":false,"n":false,"o":false,"s":false,"sv":{"default":{}},"v":{"public":{}}}},{"a":{"a":[]},"d":{"named":{"_0":"Weather","_1":[]}},"f":{"o":0,"t":{"none":{}}},"gen":false,"init":true,"m":"TravelPostersModel","n":"longitude","s":{"double":{}},"sid":2,"v":{"available":{}},"val":false,"z":{"f":false,"l":false,"m":false,"n":false,"o":false,"s":false,"sv":{"default":{}},"v":{"public":{}}}},{"a":{"a":[]},"d":{"named":{"_0":"Weather","_1":[]}},"f":{"o":0,"t":{"none":{}}},"gen":false,"init":true,"m":"TravelPostersModel","n":"time","s":{"double":{}},"sid":2,"v":{"available":{}},"val":false,"z":{"f":false,"l":false,"m":false,"n":false,"o":false,"s":false,"sv":{"default":{}},"v":{"public":{}}}},{"a":{"a":[]},"d":{"named":{"_0":"Weather","_1":[]}},"f":{"o":0,"t":{"none":{}}},"gen":false,"init":true,"m":"TravelPostersModel","n":"offset","s":{"double":{}},"sid":2,"v":{"available":{}},"val":false,"z":{"f":false,"l":false,"m":false,"n":false,"o":false,"s":false,"sv":{"default":{}},"v":{"public":{}}}},{"a":{"a":[]},"d":{"named":{"_0":"Weather","_1":[]}},"f":{"o":0,"t":{"none":{}}},"gen":false,"init":true,"m":"TravelPostersModel","n":"timezone","s":{"string":{}},"sid":2,"v":{"available":{}},"val":false,"z":{"f":false,"l":false,"m":false,"n":false,"o":false,"s":false,"sv":{"default":{}},"v":{"public":{}}}},{"a":{"a":[]},"d":{"named":{"_0":"Weather","_1":[]}},"f":{"o":0,"t":{"none":{}}},"gen":false,"init":true,"m":"TravelPostersModel","n":"tz","s":{"string":{}},"sid":2,"v":{"available":{}},"val":false,"z":{"f":false,"l":false,"m":false,"n":false,"o":false,"s":false,"sv":{"default":{}},"v":{"public":{}}}},{"a":{"a":[]},"d":{"named":{"_0":"Weather","_1":[]}},"f":{"o":0,"t":{"none":{}}},"gen":false,"init":true,"m":"TravelPostersModel","n":"elevation","s":{"double":{}},"sid":2,"v":{"available":{}},"val":false,"z":{"f":false,"l":false,"m":false,"n":false,"o":false,"s":false,"sv":{"default":{}},"v":{"public":{}}}},{"a":{"a":[]},"d":{"named":{"_0":"Weather","_1":[]}},"f":{"o":0,"t":{"none":{}}},"gen":false,"init":true,"m":"TravelPostersModel","n":"conditions","s":{"named":{"_0":"WeatherConditions","_1":[]}},"sid":2,"v":{"available":{}},"val":false,"z":{"f":false,"l":false,"m":false,"n":false,"o":false,"s":false,"sv":{"default":{}},"v":{"public":{}}}}],"n":"Weather","s":{"named":{"_0":"Weather","_1":[]}},"sid":2,"t":{"structDeclaration":{}},"v":{"available":{}},"z":{"f":false,"l":false,"m":false,"n":false,"o":false,"s":false,"sv":{"default":{}},"v":{"public":{}}}},{"a":{"a":[{"s":{"named":{"_0":"BridgeToKotlin","_1":[]}},"t":[]}]},"f":{"o":0,"t":{"none":{}}},"g":{"e":[]},"i":[{"named":{"_0":"Hashable","_1":[]}},{"named":{"_0":"Codable","_1":[]}}],"m":"TravelPostersModel","ma":[],"mc":[],"mf":[{"a":{"a":[]},"d":{"named":{"_0":"WeatherConditions","_1":[]}},"g":{"e":[]},"gen":true,"m":"TravelPostersModel","mut":false,"n":"init","s":{"function":{"_0":[{"hasDefaultValue":false,"isInOut":false,"isVariadic":false,"isVariadicContinuation":false,"label":"temperature","type":{"double":{}}},{"hasDefaultValue":false,"isInOut":false,"isVariadic":false,"isVariadicContinuation":false,"label":"windspeed","type":{"double":{}}},{"hasDefaultValue":false,"isInOut":false,"isVariadic":false,"isVariadicContinuation":false,"label":"winddirection","type":{"double":{}}},{"hasDefaultValue":false,"isInOut":false,"isVariadic":false,"isVariadicContinuation":false,"label":"weathercode","type":{"int":{}}},{"hasDefaultValue":false,"isInOut":false,"isVariadic":false,"isVariadicContinuation":false,"label":"is_day","type":{"int":{}}},{"hasDefaultValue":false,"isInOut":false,"isVariadic":false,"isVariadicContinuation":false,"label":"time","type":{"string":{}}}],"_1":{"named":{"_0":"WeatherConditions","_1":[]}},"_2":{"o":0,"t":{"none":{}}}}},"sid":2,"t":{"initDeclaration":{}},"v":{"available":{}},"z":{"f":false,"l":false,"m":false,"n":false,"o":false,"s":false,"sv":{"default":{}},"v":{"public":{}}}}],"ms":[],"mt":[],"mv":[{"a":{"a":[]},"d":{"named":{"_0":"WeatherConditions","_1":[]}},"f":{"o":0,"t":{"none":{}}},"gen":false,"init":true,"m":"TravelPostersModel","n":"temperature","s":{"double":{}},"sid":2,"v":{"available":{}},"val":false,"z":{"f":false,"l":false,"m":false,"n":false,"o":false,"s":false,"sv":{"default":{}},"v":{"public":{}}}},{"a":{"a":[]},"d":{"named":{"_0":"WeatherConditions","_1":[]}},"f":{"o":0,"t":{"none":{}}},"gen":false,"init":true,"m":"TravelPostersModel","n":"windspeed","s":{"double":{}},"sid":2,"v":{"available":{}},"val":false,"z":{"f":false,"l":false,"m":false,"n":false,"o":false,"s":false,"sv":{"default":{}},"v":{"public":{}}}},{"a":{"a":[]},"d":{"named":{"_0":"WeatherConditions","_1":[]}},"f":{"o":0,"t":{"none":{}}},"gen":false,"init":true,"m":"TravelPostersModel","n":"winddirection","s":{"double":{}},"sid":2,"v":{"available":{}},"val":false,"z":{"f":false,"l":false,"m":false,"n":false,"o":false,"s":false,"sv":{"default":{}},"v":{"public":{}}}},{"a":{"a":[]},"d":{"named":{"_0":"WeatherConditions","_1":[]}},"f":{"o":0,"t":{"none":{}}},"gen":false,"init":true,"m":"TravelPostersModel","n":"weathercode","s":{"int":{}},"sid":2,"v":{"available":{}},"val":false,"z":{"f":false,"l":false,"m":false,"n":false,"o":false,"s":false,"sv":{"default":{}},"v":{"public":{}}}},{"a":{"a":[]},"d":{"named":{"_0":"WeatherConditions","_1":[]}},"f":{"o":0,"t":{"none":{}}},"gen":false,"init":true,"m":"TravelPostersModel","n":"is_day","s":{"int":{}},"sid":2,"v":{"available":{}},"val":false,"z":{"f":false,"l":false,"m":false,"n":false,"o":false,"s":false,"sv":{"default":{}},"v":{"public":{}}}},{"a":{"a":[]},"d":{"named":{"_0":"WeatherConditions","_1":[]}},"f":{"o":0,"t":{"none":{}}},"gen":false,"init":true,"m":"TravelPostersModel","n":"time","s":{"string":{}},"sid":2,"v":{"available":{}},"val":false,"z":{"f":false,"l":false,"m":false,"n":false,"o":false,"s":false,"sv":{"default":{}},"v":{"public":{}}}}],"n":"WeatherConditions","s":{"named":{"_0":"WeatherConditions","_1":[]}},"sid":2,"t":{"structDeclaration":{}},"v":{"available":{}},"z":{"f":false,"l":false,"m":false,"n":false,"o":false,"s":false,"sv":{"default":{}},"v":{"public":{}}}}],"v":[]}